{
  "flop_eq0": {
    "call": -2.1871674945534845,
    "fold": -15.267339269477612,
    "raise": -14.803983028192011
  },
  "flop_eq1": {
    "call": -3.688311421268086,
    "fold": -11.456611837814748,
    "raise": -0.48013835337781585
  },
  "flop_eq2": {
    "call": 19.873854204298357,
    "fold": -5.039456254017281,
    "raise": 10.699017540647178
  },
  "flop_eq3": {
    "call": 33.60883920781509,
    "fold": -10.602626947965799,
    "raise": 22.378545437604934
  },
  "flop_eq4": {
    "call": 54.741615668641195,
    "fold": -7.859500115918111,
    "raise": 50.4692576644566
  },
  "preflop_eq0": {
    "call": 2.0846212986658403,
    "fold": 0.49860314700052377,
    "raise": -1.4932602475309404
  },
  "preflop_eq1": {
    "call": 3.0159446578730207,
    "fold": -0.09999918367995758,
    "raise": 2.8980854281843778
  },
  "preflop_eq2": {
    "call": 10.531952287425929,
    "fold": -0.1000000002145628,
    "raise": 9.151618655328903
  },
  "preflop_eq3": {
    "call": 21.111437807950967,
    "fold": -0.11232206099485012,
    "raise": 27.716192021382483
  },
  "preflop_eq4": {
    "call": 42.183383034956236,
    "fold": -0.07712320754503901,
    "raise": 32.39294725415378
  },
  "river_eq0": {
    "call": -13.270301099228647,
    "fold": -21.949912319602205,
    "raise": -36.97817420625375
  },
  "river_eq1": {
    "call": 10.414415616603314,
    "fold": -14.637609299542223,
    "raise": -20.48785880976254
  },
  "river_eq2": {
    "call": 12.885285225853954,
    "fold": -24.716626900376625,
    "raise": -4.855130858331346
  },
  "river_eq3": {
    "call": 22.022501012381454,
    "fold": -24.910966584806527,
    "raise": -2.315083462823946
  },
  "river_eq4": {
    "call": 61.059093522276186,
    "fold": -40.109208934844744,
    "raise": 75.04954019595948
  },
  "turn_eq0": {
    "call": -10.513662456780029,
    "fold": -20.273198939256392,
    "raise": -23.20756271571718
  },
  "turn_eq1": {
    "call": -6.735935793708942,
    "fold": -11.941568422882813,
    "raise": -1.2607685129330106
  },
  "turn_eq2": {
    "call": 11.300482223459305,
    "fold": -8.686680835212934,
    "raise": 15.911115655414298
  },
  "turn_eq3": {
    "call": 14.460194891955636,
    "fold": -16.555509042443227,
    "raise": 30.957573596547636
  },
  "turn_eq4": {
    "call": 52.721399066467214,
    "fold": -15.763309964663836,
    "raise": 59.14827587743462
  }
}